"","Plot.Code","Census.No","m.rates.annual","region"
"1","AGJ-01",2,0.0158913604734586,"3AMA_W"
"2","AGJ-01",3,0.0234762026006697,"3AMA_W"
"3","AGJ-01",4,0.0198875103832605,"3AMA_W"
"4","AGJ-01",5,0.0329363350976465,"3AMA_W"
"5","AGJ-01",6,0.0289877921993827,"3AMA_W"
"6","AGP-01",3,0.014385718359344,"3AMA_W"
"7","AGP-01",4,0.0143769968051118,"3AMA_W"
"8","AGP-01",5,0.0266513086981832,"3AMA_W"
"9","AGP-02",3,0.0340380987190427,"3AMA_W"
"10","AGP-02",4,0.0582025104300912,"3AMA_W"
"11","AGP-02",5,0.0284056926153237,"3AMA_W"
"12","ALF-01",2,0.0132150676205046,"4AMA_BrSh"
"13","ALF-01",3,0.0135392645761708,"4AMA_BrSh"
"14","ALF-01",4,0.0141738050613778,"4AMA_BrSh"
"15","ALF-02",2,0.0270164776792877,"4AMA_BrSh"
"16","ALF-02",3,0.0308683347111884,"4AMA_BrSh"
"17","ALM-01",2,0.0206770392768336,"3AMA_W"
"18","ALM-01",3,0.0197174583339631,"3AMA_W"
"19","ALM-01",4,0.0159026061653762,"3AMA_W"
"20","ALM-01",5,0.0178240301897082,"3AMA_W"
"21","ALP-01",10,0.010500109511943,"3AMA_W"
"22","ALP-01",2,0.0151926083539443,"3AMA_W"
"23","ALP-01",3,0.0344942510090001,"3AMA_W"
"24","ALP-01",4,0.0245922299518663,"3AMA_W"
"25","ALP-01",5,0.0118408667596862,"3AMA_W"
"26","ALP-01",6,0.0236833878777265,"3AMA_W"
"27","ALP-01",7,0.0415840495710156,"3AMA_W"
"28","ALP-01",8,0.00920832388258008,"3AMA_W"
"29","ALP-01",9,0.0253152670985248,"3AMA_W"
"30","ALP-30",2,0.0116666247955587,"3AMA_W"
"31","ALP-30",3,0.00193397415768859,"3AMA_W"
"32","ALP-30",4,0.0238748905506547,"3AMA_W"
"33","ALP-30",5,0.024880914375787,"3AMA_W"
"34","ALP-30",6,0.0187891440501043,"3AMA_W"
"35","ALP-30",7,0.0248135131255516,"3AMA_W"
"36","ALP-40",2,0.0145591296855544,"3AMA_W"
"37","ALP-40",3,0.0151928439997069,"3AMA_W"
"38","ALP-40",4,0.0174435996626221,"3AMA_W"
"39","ALV-01",2,0.0124601684894502,"4AMA_BrSh"
"40","ALV-02",2,0.0182964969507412,"4AMA_BrSh"
"41","AMA-02",2,0.0133766159432964,"3AMA_W"
"42","BAR-01",2,0.0189460165061917,"3AMA_W"
"43","BAR-01",3,0.0111330566976482,"3AMA_W"
"44","BAR-01",4,0.0237448782069822,"3AMA_W"
"45","BAR-01",5,0.0249292879411153,"3AMA_W"
"46","BAR-01",6,0.0132784415139628,"3AMA_W"
"47","BDF-01",2,0.00879378272389408,"2AMA_EC"
"48","BDF-01",3,0.0167467671507221,"2AMA_EC"
"49","BDF-01",4,0.00995356743111864,"2AMA_EC"
"50","BDF-01",5,0.00942090407019691,"2AMA_EC"
"51","BDF-01",6,0.0123573922464447,"2AMA_EC"
"52","BDF-03",3,0.0108692049459568,"2AMA_EC"
"53","BDF-03",4,0.013352587717521,"2AMA_EC"
"54","BDF-03",5,0.0134373582631451,"2AMA_EC"
"55","BDF-03",6,0.0155770289197451,"2AMA_EC"
"56","BDF-04",3,0.0706067158097088,"2AMA_EC"
"57","BDF-04",4,0.0179688033039374,"2AMA_EC"
"58","BDF-04",5,0.0312031208254151,"2AMA_EC"
"59","BDF-04",6,0.0137374385118594,"2AMA_EC"
"60","BDF-05",3,0.022235435158125,"2AMA_EC"
"61","BDF-05",4,0.0125604851980939,"2AMA_EC"
"62","BDF-05",5,0.0140335317047734,"2AMA_EC"
"63","BDF-05",6,0.0137865587227002,"2AMA_EC"
"64","BDF-06",3,0.0120443791674033,"2AMA_EC"
"65","BDF-06",4,0.0190245259538802,"2AMA_EC"
"66","BDF-06",5,0.0182860102410375,"2AMA_EC"
"67","BDF-06",6,0.0137472681991421,"2AMA_EC"
"68","BDF-07",2,0.0129394076957464,"2AMA_EC"
"69","BDF-07",3,0.011276839786181,"2AMA_EC"
"70","BDF-07",4,0.0104106311064396,"2AMA_EC"
"71","BDF-07",5,0.0144378243657161,"2AMA_EC"
"72","BDF-07",6,0.00969377271093064,"2AMA_EC"
"73","BDF-08",2,0.0105932431026943,"2AMA_EC"
"74","BDF-08",3,0.0265230763591667,"2AMA_EC"
"75","BDF-08",4,0.0152974290000387,"2AMA_EC"
"76","BDF-08",5,0.0145807571707816,"2AMA_EC"
"77","BDF-08",6,0.0157198494878622,"2AMA_EC"
"78","BDF-09",2,0.0166136395879086,"2AMA_EC"
"79","BDF-09",3,0.00871827655879664,"2AMA_EC"
"80","BDF-09",4,0.0113397499809038,"2AMA_EC"
"81","BDF-09",5,0.0130725694229153,"2AMA_EC"
"82","BDF-10",2,0.00537001732022169,"2AMA_EC"
"83","BDF-10",3,0.0257721744362785,"2AMA_EC"
"84","BDF-10",4,0.0137436514584045,"2AMA_EC"
"85","BDF-10",5,0.010774168055238,"2AMA_EC"
"86","BDF-11",2,0.00354637741913966,"2AMA_EC"
"87","BDF-11",3,0.00887970204850153,"2AMA_EC"
"88","BDF-11",4,0.00917718705834603,"2AMA_EC"
"89","BDF-11",5,0.0132455541638387,"2AMA_EC"
"90","BDF-12",2,0.00247731858116518,"2AMA_EC"
"91","BDF-12",3,0.00791747925953745,"2AMA_EC"
"92","BDF-12",4,0.0175332791552401,"2AMA_EC"
"93","BDF-12",5,0.0123655892322984,"2AMA_EC"
"94","BDF-13",2,0.00757392189502293,"2AMA_EC"
"95","BDF-13",3,0.0104622025407677,"2AMA_EC"
"96","BDF-13",4,0.00965562113229768,"2AMA_EC"
"97","BDF-13",5,0.0117344423216422,"2AMA_EC"
"98","BDF-13",6,0.0117623303457031,"2AMA_EC"
"99","BDF-14",2,0.00840418879239824,"2AMA_EC"
"100","BDF-14",3,0.0256975859264563,"2AMA_EC"
"101","BDF-14",4,0.0107535215929344,"2AMA_EC"
"102","BDF-14",5,0.00921139802515203,"2AMA_EC"
"103","BDF-14",6,0.00860595479370363,"2AMA_EC"
"104","BDF-14",7,0.00644921349240268,"2AMA_EC"
"105","BEE-01",2,0.0217338257501176,"3AMA_W"
"106","BEE-01",3,0.0127099677300673,"3AMA_W"
"107","BEE-01",4,0.0220437101549771,"3AMA_W"
"108","BEE-05",2,0.0198623859570154,"3AMA_W"
"109","BEE-05",3,0.0146688098259135,"3AMA_W"
"110","BEE-05",4,0.0177374413033287,"3AMA_W"
"111","BES-01",2,0.0147191772120153,"3AMA_W"
"112","BES-01",3,0.0253553917014741,"3AMA_W"
"113","BNT-01",10,0.0133465905482999,"2AMA_EC"
"114","BNT-01",11,0.00832504307464799,"2AMA_EC"
"115","BNT-01",12,0.0118147607284887,"2AMA_EC"
"116","BNT-01",13,0.00683274794126665,"2AMA_EC"
"117","BNT-01",14,0.00678441015627107,"2AMA_EC"
"118","BNT-01",15,0.0117647058823529,"2AMA_EC"
"119","BNT-01",16,0.0134453781512605,"2AMA_EC"
"120","BNT-01",17,0.00846866963128312,"2AMA_EC"
"121","BNT-01",18,0.015136493911292,"2AMA_EC"
"122","BNT-01",19,0.00454975270336,"2AMA_EC"
"123","BNT-01",20,0.0110721281283004,"2AMA_EC"
"124","BNT-01",21,0.0121286684380636,"2AMA_EC"
"125","BNT-01",22,0.00516494239071585,"2AMA_EC"
"126","BNT-01",23,0.0170068027210885,"2AMA_EC"
"127","BNT-01",24,0.0149643031916499,"2AMA_EC"
"128","BNT-01",25,0.0224858680117509,"2AMA_EC"
"129","BNT-01",3,0.0047254101432318,"2AMA_EC"
"130","BNT-01",4,0.020442930153322,"2AMA_EC"
"131","BNT-01",5,0.0102915951972555,"2AMA_EC"
"132","BNT-01",6,0.00515093525824861,"2AMA_EC"
"133","BNT-01",7,0.0101939398803937,"2AMA_EC"
"134","BNT-01",8,0.00168350168350173,"2AMA_EC"
"135","BNT-01",9,0.00168634064080941,"2AMA_EC"
"136","BNT-04",10,0.0132318892410158,"2AMA_EC"
"137","BNT-04",11,0.00752833793603958,"2AMA_EC"
"138","BNT-04",12,0.00332006413753272,"2AMA_EC"
"139","BNT-04",13,0.0228159457849515,"2AMA_EC"
"140","BNT-04",14,0.014827018121911,"2AMA_EC"
"141","BNT-04",15,0.00651465798045603,"2AMA_EC"
"142","BNT-04",16,0.0147204940733008,"2AMA_EC"
"143","BNT-04",17,0.0164040925788408,"2AMA_EC"
"144","BNT-04",18,0.0198575087542299,"2AMA_EC"
"145","BNT-04",19,0.00678840570611139,"2AMA_EC"
"146","BNT-04",20,0.00837258700782606,"2AMA_EC"
"147","BNT-04",21,0.00508628884710716,"2AMA_EC"
"148","BNT-04",22,0.0133333333333333,"2AMA_EC"
"149","BNT-04",23,0.0090441819896101,"2AMA_EC"
"150","BNT-04",3,0.0132465928437788,"2AMA_EC"
"151","BNT-04",4,0.0275080906148867,"2AMA_EC"
"152","BNT-04",5,0.00814332247557004,"2AMA_EC"
"153","BNT-04",6,0.0146725449364592,"2AMA_EC"
"154","BNT-04",7,0.00161389629333963,"2AMA_EC"
"155","BNT-04",8,0.012151119539016,"2AMA_EC"
"156","BNT-04",9,0.00987825040045498,"2AMA_EC"
"157","BNT-05",2,0.0205354457937835,"2AMA_EC"
"158","BNT-05",3,0.00722021660649819,"2AMA_EC"
"159","BNT-05",4,0.01078271725048,"2AMA_EC"
"160","BNT-05",5,0.00713574694159136,"2AMA_EC"
"161","BNT-06",2,0.0123808126475896,"2AMA_EC"
"162","BNT-06",3,0.012589928057554,"2AMA_EC"
"163","BNT-06",4,0.0230724498661206,"2AMA_EC"
"164","BNT-06",5,0.0123770804411694,"2AMA_EC"
"165","BNT-07",2,0.0134898001414653,"2AMA_EC"
"166","BNT-07",3,0.00475435816164815,"2AMA_EC"
"167","BNT-07",4,0.00782028966175097,"2AMA_EC"
"168","BNT-07",5,0.0031170126601292,"2AMA_EC"
"169","BOG-01",2,0.0174183092117163,"3AMA_W"
"170","BOG-01",3,0.0295983909967105,"3AMA_W"
"171","BOG-01",4,0.0260928310747566,"3AMA_W"
"172","BOG-01",5,0.0167497134092784,"3AMA_W"
"173","BOG-02",2,0.022486811629661,"3AMA_W"
"174","BOG-02",3,0.0305569343967786,"3AMA_W"
"175","BOG-02",4,0.0265130381025688,"3AMA_W"
"176","BOG-02",5,0.0365351355431716,"3AMA_W"
"177","CAR-01",2,0.00968948642712852,"4AMA_BrSh"
"178","CAR-01",3,0.0278150799936903,"4AMA_BrSh"
"179","CAR-01",4,0.0148891687968837,"4AMA_BrSh"
"180","CAX-01",2,0.00845950098967929,"2AMA_EC"
"181","CAX-01",3,0.00930501753698054,"2AMA_EC"
"182","CAX-01",4,0.00676119244263429,"2AMA_EC"
"183","CAX-01",5,0.00724540635699034,"2AMA_EC"
"184","CAX-02",2,0.0105622046444929,"2AMA_EC"
"185","CAX-02",3,0.0155232884024918,"2AMA_EC"
"186","CAX-02",4,0.0144607273615636,"2AMA_EC"
"187","CAX-06",2,0.00791571646859435,"2AMA_EC"
"188","CAX-06",3,0.0127745639273236,"2AMA_EC"
"189","CAX-06",4,0.0159161108361212,"2AMA_EC"
"190","CAX-06",5,0,"2AMA_EC"
"191","CAX-06",6,0.0157719731103406,"2AMA_EC"
"192","CAX-08",2,0.00451800050171847,"2AMA_EC"
"193","CAX-08",3,0.0279288520378289,"2AMA_EC"
"194","CAX-08",4,0.0421103962828132,"2AMA_EC"
"195","CAX-08",5,0.0232133200119659,"2AMA_EC"
"196","CAX-08",6,0.0258750351608426,"2AMA_EC"
"197","CAX-08",7,0.0103755138479992,"2AMA_EC"
"198","CAX-08",8,0.0209082157129559,"2AMA_EC"
"199","CHO-01",2,0.0323901299421167,"4AMA_BrSh"
"200","CLA-34",10,0.0111757530335647,"3AMA_W"
"201","CLA-34",11,0.00730040606984117,"3AMA_W"
"202","CLA-34",12,0.00277196892134013,"3AMA_W"
"203","CLA-34",13,0.00586421290550532,"3AMA_W"
"204","CLA-34",14,0.0104585417085676,"3AMA_W"
"205","CLA-34",15,0.0187500630233318,"3AMA_W"
"206","CLA-34",16,0.00999268846561141,"3AMA_W"
"207","CLA-34",17,0.017500307215485,"3AMA_W"
"208","CLA-34",18,0.0285464264169201,"3AMA_W"
"209","CLA-34",19,0.0139780846486237,"3AMA_W"
"210","CLA-34",20,0.0263840587796078,"3AMA_W"
"211","CLA-34",8,0,"3AMA_W"
"212","CLA-34",9,0.0182999632925351,"3AMA_W"
"213","CPP-01",2,0.017049638800217,"4AMA_BrSh"
"214","CRP-02",2,0.022625835751087,"4AMA_BrSh"
"215","CRP-02",3,0.0215429030660615,"4AMA_BrSh"
"216","CRP-02",4,0.0290154244315656,"4AMA_BrSh"
"217","CRP-02",5,0.0561963309991894,"4AMA_BrSh"
"218","CRP-02",6,0.0515929228753629,"4AMA_BrSh"
"219","CUZ-02",2,0.0159948991030161,"3AMA_W"
"220","CUZ-02",3,0.0174862541495506,"3AMA_W"
"221","CUZ-02",4,0.0218250533064281,"3AMA_W"
"222","CUZ-02",5,0.0235923497820453,"3AMA_W"
"223","CUZ-02",6,0.0240180763503901,"3AMA_W"
"224","CUZ-02",7,0.0221359136787703,"3AMA_W"
"225","CUZ-02",8,0.0174552258950382,"3AMA_W"
"226","CUZ-03",2,0.0254674934122964,"3AMA_W"
"227","CUZ-03",3,0.0217808859998035,"3AMA_W"
"228","CUZ-03",4,0.0206662849481072,"3AMA_W"
"229","CUZ-03",5,0.0198241804272358,"3AMA_W"
"230","CUZ-03",6,0.0195800922677488,"3AMA_W"
"231","CUZ-03",7,0.0147721506817924,"3AMA_W"
"232","CUZ-03",8,0.0185635004526845,"3AMA_W"
"233","CUZ-04",2,0.0197373994874771,"3AMA_W"
"234","CUZ-04",3,0.0213799207498608,"3AMA_W"
"235","CUZ-04",4,0.0287638993611878,"3AMA_W"
"236","CUZ-04",5,0.0351223334449079,"3AMA_W"
"237","CUZ-04",6,0.0296146244040997,"3AMA_W"
"238","CUZ-04",7,0.0354302368967643,"3AMA_W"
"239","CUZ-04",8,0.0403283157208343,"3AMA_W"
"240","DOI-01",2,0.0160870583389211,"3AMA_W"
"241","DOI-01",3,0.0233742498267147,"3AMA_W"
"242","DOI-01",4,0.00937262490908641,"3AMA_W"
"243","DOI-01",5,0.0232175150392557,"3AMA_W"
"244","DOI-01",6,0.0184680262905297,"3AMA_W"
"245","DOI-01",7,0.0387136867099082,"3AMA_W"
"246","DOI-01",8,0.0194951329041617,"3AMA_W"
"247","DOI-02",2,0.0274183070586469,"3AMA_W"
"248","DOI-02",3,0.0736751582739954,"3AMA_W"
"249","DOI-02",4,0.0731470947426415,"3AMA_W"
"250","DOI-02",5,0.0551781870563366,"3AMA_W"
"251","DOI-02",6,0.0377670754771485,"3AMA_W"
"252","DOI-02",7,0.0468145560137514,"3AMA_W"
"253","ECE-01",2,0.00670265226615641,"3AMA_W"
"254","ECE-01",3,0.0331230170819252,"3AMA_W"
"255","ECE-01",4,0.0188764876308348,"3AMA_W"
"256","ELD-12",14,0,"1AMA_GuSh"
"257","ELD-12",15,0.00297390408458076,"1AMA_GuSh"
"258","ELD-12",16,0.00223680559332984,"1AMA_GuSh"
"259","ELD-12",17,0.0077568941868158,"1AMA_GuSh"
"260","ELD-12",18,0.0132661905870362,"1AMA_GuSh"
"261","ELD-12",19,0,"1AMA_GuSh"
"262","ELD-12",20,0.00255495251736071,"1AMA_GuSh"
"263","ELD-12",21,0.0045132686978604,"1AMA_GuSh"
"264","ELD-12",22,0.00620935386676902,"1AMA_GuSh"
"265","ELD-12",23,0.0056484537436875,"1AMA_GuSh"
"266","ELD-12",24,0.0131968598308194,"1AMA_GuSh"
"267","ELD-12",25,0.0117893931231102,"1AMA_GuSh"
"268","ELD-12",26,0.0345839788522926,"1AMA_GuSh"
"269","ELD-34",14,0.00325533002052059,"1AMA_GuSh"
"270","ELD-34",15,0.0192157213271172,"1AMA_GuSh"
"271","ELD-34",16,0.0296888210686,"1AMA_GuSh"
"272","ELD-34",17,0.0132175540008386,"1AMA_GuSh"
"273","ELD-34",18,0.013891480043093,"1AMA_GuSh"
"274","ELD-34",19,0.0200877987766794,"1AMA_GuSh"
"275","ELD-34",20,0.0129727764907817,"1AMA_GuSh"
"276","ELD-34",21,0.0110353928740078,"1AMA_GuSh"
"277","ELD-34",22,0.0177156070754683,"1AMA_GuSh"
"278","ELD-34",23,0.0200185564219163,"1AMA_GuSh"
"279","ELD-34",24,0.023873214289558,"1AMA_GuSh"
"280","ELD-34",25,0.00763870606818051,"1AMA_GuSh"
"281","ELD-34",26,0.0229017060308312,"1AMA_GuSh"
"282","FEC-01",3,0.0526861019594174,"3AMA_W"
"283","FEC-01",4,0.0155734346058974,"3AMA_W"
"284","FLO-01",2,0.0291292468574417,"4AMA_BrSh"
"285","FLO-01",3,0.025775206800023,"4AMA_BrSh"
"286","FLO-01",4,0.0274970069611975,"4AMA_BrSh"
"287","FLO-02",2,0.0184779483792116,"4AMA_BrSh"
"288","FLO-02",3,0.00660914228066545,"4AMA_BrSh"
"289","FMH-01",2,0.00538128082284217,"1AMA_GuSh"
"290","FMH-01",3,0.00457445464766904,"1AMA_GuSh"
"291","FMH-01",4,0.00140084406615415,"1AMA_GuSh"
"292","FMH-01",5,0.000469492013675299,"1AMA_GuSh"
"293","FMH-01",6,0.00958145701454249,"1AMA_GuSh"
"294","FMH-01",7,0.0121106894410611,"1AMA_GuSh"
"295","FMH-01",8,0.0170993874321417,"1AMA_GuSh"
"296","FMH-02",3,0.00422463358693781,"1AMA_GuSh"
"297","FMH-02",4,0.00626220382725251,"1AMA_GuSh"
"298","FMH-03",2,0.00769788184084486,"1AMA_GuSh"
"299","FMH-03",3,0.00309889004533814,"1AMA_GuSh"
"300","FMH-03",4,0.0153905283750194,"1AMA_GuSh"
"301","GMT-01",2,0.0161002342174614,"2AMA_EC"
"302","GMT-01",3,0.0148174099338335,"2AMA_EC"
"303","HCC-21",2,0.0277500050744713,"4AMA_BrSh"
"304","HCC-21",3,0.0309940481099856,"4AMA_BrSh"
"305","HCC-21",4,0.0294449232474362,"4AMA_BrSh"
"306","HCC-21",5,0.0357261048990546,"4AMA_BrSh"
"307","HCC-21",6,0.022720815604281,"4AMA_BrSh"
"308","HCC-22",2,0.0166060500517078,"4AMA_BrSh"
"309","HCC-22",3,0.0289166286941362,"4AMA_BrSh"
"310","HCC-22",4,0.0363744712227094,"4AMA_BrSh"
"311","HCC-22",5,0.0233380956774744,"4AMA_BrSh"
"312","HCC-22",6,0.0207660058435407,"4AMA_BrSh"
"313","HCC-24",3,0.0242985907811181,"4AMA_BrSh"
"314","HCC-24",4,0.0409486383880651,"4AMA_BrSh"
"315","IND-01",2,0.0496933394921406,"3AMA_W"
"316","INF-01",2,0.0205441782508158,"3AMA_W"
"317","IWO-21",2,0.00785790388448404,"1AMA_GuSh"
"318","IWO-21",3,0.0181335467862608,"1AMA_GuSh"
"319","IWO-21",4,0.00353552271865243,"1AMA_GuSh"
"320","IWO-21",5,0.0124415204254361,"1AMA_GuSh"
"321","IWO-22",2,0.00498717656745906,"1AMA_GuSh"
"322","IWO-22",3,0.0115117221906822,"1AMA_GuSh"
"323","IWO-22",4,0.00338451320489663,"1AMA_GuSh"
"324","IWO-22",5,0.0115740875540563,"1AMA_GuSh"
"325","JAC-01",2,0.00914665078914845,"2AMA_EC"
"326","JAC-01",3,0.0121647936209096,"2AMA_EC"
"327","JAC-01",4,0.00771140363395906,"2AMA_EC"
"328","JAC-01",5,0.0161975700031031,"2AMA_EC"
"329","JAC-01",6,0.0172542047465727,"2AMA_EC"
"330","JAC-01",7,0.00962275170174043,"2AMA_EC"
"331","JAC-01",8,0.0164936978149932,"2AMA_EC"
"332","JAC-02",2,0.00857689384285176,"2AMA_EC"
"333","JAC-02",3,0.0155922049580181,"2AMA_EC"
"334","JAC-02",4,0.00849224680042693,"2AMA_EC"
"335","JAC-02",5,0.0247109852198555,"2AMA_EC"
"336","JAC-02",6,0.0137235324838801,"2AMA_EC"
"337","JAC-02",7,0.0119105865234066,"2AMA_EC"
"338","JAC-02",8,0.0307691585709088,"2AMA_EC"
"339","JAS-02",2,0.0105137493451311,"3AMA_W"
"340","JAS-02",3,0.0281277274106815,"3AMA_W"
"341","JAS-02",4,0.0223811695653743,"3AMA_W"
"342","JAS-02",5,0.0430401100357495,"3AMA_W"
"343","JAS-02",6,0.0259563407875812,"3AMA_W"
"344","JAS-02",7,0.0196236934345534,"3AMA_W"
"345","JAS-03",2,0.0234574587571738,"3AMA_W"
"346","JAS-03",3,0.0174807307560495,"3AMA_W"
"347","JAS-03",4,0.0134541707998687,"3AMA_W"
"348","JAS-03",5,0.0156162817097871,"3AMA_W"
"349","JAS-03",6,0.035159547500462,"3AMA_W"
"350","JAS-03",7,0.0188995667351534,"3AMA_W"
"351","JAS-04",2,0.00838808349985987,"3AMA_W"
"352","JAS-04",3,0.0105668424909606,"3AMA_W"
"353","JAS-04",4,0.0127381393054263,"3AMA_W"
"354","JAS-04",5,0.0244930183589654,"3AMA_W"
"355","JAS-04",6,0.0150273224043715,"3AMA_W"
"356","JAS-05",2,0.0171466474488344,"3AMA_W"
"357","JAS-05",3,0.0152431679622603,"3AMA_W"
"358","JAS-05",4,0.0284171674993072,"3AMA_W"
"359","JRI-01",2,0.00174825174825177,"2AMA_EC"
"360","JRI-01",3,0.0111217366407107,"2AMA_EC"
"361","JRI-01",4,0.0127873512349749,"2AMA_EC"
"362","JRI-01",5,0.00859925048709054,"2AMA_EC"
"363","JRI-01",6,0.0148965613508703,"2AMA_EC"
"364","KAL-01",2,0.0166029555139866,"3AMA_W"
"365","KAL-01",3,0.0396111662114259,"3AMA_W"
"366","KEN-01",2,0.00678721955591699,"4AMA_BrSh"
"367","KEN-01",3,0.018348623853211,"4AMA_BrSh"
"368","KEN-01",4,0.0288888888888889,"4AMA_BrSh"
"369","KEN-01",5,0.0110754606623852,"4AMA_BrSh"
"370","KEN-02",2,0.0246144732578729,"4AMA_BrSh"
"371","KEN-02",3,0.0399002493765586,"4AMA_BrSh"
"372","KEN-02",4,0.075,"4AMA_BrSh"
"373","KEN-02",5,0.0125503428933189,"4AMA_BrSh"
"374","LAS-02",2,0.0241719793287978,"3AMA_W"
"375","LAS-02",3,0.0204666266825636,"3AMA_W"
"376","LFB-01",2,0.0245408749076855,"4AMA_BrSh"
"377","LFB-01",3,0.0237896278241821,"4AMA_BrSh"
"378","LFB-01",4,0.0207461745376243,"4AMA_BrSh"
"379","LFB-01",5,0.0242582138538622,"4AMA_BrSh"
"380","LFB-01",6,0.0193572519965687,"4AMA_BrSh"
"381","LFB-01",7,0.0200254737133797,"4AMA_BrSh"
"382","LFB-02",2,0.0202222957226988,"4AMA_BrSh"
"383","LFB-02",3,0.015962792757057,"4AMA_BrSh"
"384","LFB-02",4,0.0202617023279856,"4AMA_BrSh"
"385","LFB-02",5,0.0544591489120867,"4AMA_BrSh"
"386","LFB-02",6,0.0177442202570989,"4AMA_BrSh"
"387","LFB-02",7,0.0322543776693545,"4AMA_BrSh"
"388","LFB-02",8,0.0265407402489578,"4AMA_BrSh"
"389","LOR-01",3,0.0233227801643293,"3AMA_W"
"390","LOR-01",4,0.0187254068369512,"3AMA_W"
"391","LOR-04",3,0.0221346963516964,"3AMA_W"
"392","LSL-01",2,0.0263230683052561,"4AMA_BrSh"
"393","LSL-01",3,0.0390655291081176,"4AMA_BrSh"
"394","LSL-01",4,0.0397884135934095,"4AMA_BrSh"
"395","LSL-02",2,0.0111115058545568,"4AMA_BrSh"
"396","LSL-02",3,0.0224579918657127,"4AMA_BrSh"
"397","LSL-02",4,0.041752437049193,"4AMA_BrSh"
"398","MIN-01",3,0.0195195819564562,"3AMA_W"
"399","MIN-01",4,0.0206739740262958,"3AMA_W"
"400","MNU-01",10,0.0280503489741343,"3AMA_W"
"401","MNU-01",6,0.0248840042857834,"3AMA_W"
"402","MNU-01",7,0.0222685977676477,"3AMA_W"
"403","MNU-01",8,0.0223907881417786,"3AMA_W"
"404","MNU-01",9,0.0192881325930038,"3AMA_W"
"405","MNU-03",2,0.0246804291603415,"3AMA_W"
"406","MNU-03",3,0.0360813177799555,"3AMA_W"
"407","MNU-03",4,0.029246273231839,"3AMA_W"
"408","MNU-03",5,0.0206486568441886,"3AMA_W"
"409","MNU-03",6,0.0216907206364533,"3AMA_W"
"410","MNU-04",2,0.0178346135524148,"3AMA_W"
"411","MNU-04",3,0.0208126898752327,"3AMA_W"
"412","MNU-04",4,0.0204721263991309,"3AMA_W"
"413","MNU-04",5,0.0122092827883956,"3AMA_W"
"414","MNU-04",6,0.025888851962388,"3AMA_W"
"415","MNU-04",7,0.015156613115345,"3AMA_W"
"416","MNU-05",2,0,"3AMA_W"
"417","MNU-05",3,0.0148377637318413,"3AMA_W"
"418","MNU-05",4,0.0118642482437357,"3AMA_W"
"419","MNU-05",5,0.0297936082715556,"3AMA_W"
"420","MNU-05",6,0.0179581657326572,"3AMA_W"
"421","MNU-05",7,0.0161211019822383,"3AMA_W"
"422","MNU-05",8,0.00841214145497537,"3AMA_W"
"423","MNU-06",2,0.0169851456740623,"3AMA_W"
"424","MNU-06",3,0.0186252483196427,"3AMA_W"
"425","MNU-06",4,0.0246867486065364,"3AMA_W"
"426","MNU-06",5,0.017255477953141,"3AMA_W"
"427","MNU-06",6,0.0193968864754496,"3AMA_W"
"428","MNU-06",7,0.0174503459085971,"3AMA_W"
"429","MNU-08",2,0.0117519292978751,"3AMA_W"
"430","MNU-08",3,0.0146835040972008,"3AMA_W"
"431","MNU-08",4,0.0152990628547359,"3AMA_W"
"432","MNU-08",5,0.0188238486373796,"3AMA_W"
"433","MNU-09",2,0.0214568788465813,"3AMA_W"
"434","MNU-09",3,0.0271965162218051,"3AMA_W"
"435","MNU-09",4,0.021679823339732,"3AMA_W"
"436","MNU-09",5,0.0231168007848426,"3AMA_W"
"437","MRB-01",2,0.0194673983558115,"4AMA_BrSh"
"438","MRB-01",3,0.0234593404212166,"4AMA_BrSh"
"439","MRB-01",4,0.0269397891784149,"4AMA_BrSh"
"440","MRB-02",2,0.0129009899858429,"4AMA_BrSh"
"441","MRB-02",3,0.0263569095035429,"4AMA_BrSh"
"442","MRB-02",4,0.0240402386447041,"4AMA_BrSh"
"443","MRB-03",2,0.0162699755092095,"4AMA_BrSh"
"444","MRB-03",3,0.0211199869504557,"4AMA_BrSh"
"445","MRB-03",4,0.0197227002416276,"4AMA_BrSh"
"446","MSH-01",2,0.0182302342136926,"3AMA_W"
"447","MTG-58",2,0.0111180693445773,"3AMA_W"
"448","MTG-58",3,0.00444501338334613,"3AMA_W"
"449","MTH-01",2,0.0390907182095901,"3AMA_W"
"450","MTH-01",3,0.0221082780829335,"3AMA_W"
"451","MTH-01",4,0.0164901924692886,"3AMA_W"
"452","MTH-01",5,0.035305710323433,"3AMA_W"
"453","NOU-02",2,0.012022554945346,"1AMA_GuSh"
"454","NOU-02",3,0.0103297592840379,"1AMA_GuSh"
"455","NOU-02",4,0.0102059424480586,"1AMA_GuSh"
"456","NOU-02",5,0.011686174018442,"1AMA_GuSh"
"457","NOU-04",2,0.0146059276139815,"1AMA_GuSh"
"458","NOU-04",3,0.0146945002601692,"1AMA_GuSh"
"459","NOU-04",4,0.0230651811269693,"1AMA_GuSh"
"460","NOU-04",5,0.0165114257075993,"1AMA_GuSh"
"461","NOU-10",2,0.0164028046175335,"1AMA_GuSh"
"462","NOU-10",3,0.0177062144061689,"1AMA_GuSh"
"463","NOU-10",4,0.0316204125339833,"1AMA_GuSh"
"464","NOU-GP1",2,0.0181924373785346,"1AMA_GuSh"
"465","NOU-GP1",3,0.0141951058074676,"1AMA_GuSh"
"466","NOU-GP1",4,0.0197187320649516,"1AMA_GuSh"
"467","NOU-PP",2,0.014259611808524,"1AMA_GuSh"
"468","NOU-PP",3,0.0100621438764623,"1AMA_GuSh"
"469","NOU-PP",4,0.0132809793155348,"1AMA_GuSh"
"470","NXV-09",2,0.0373407210658603,"4AMA_BrSh"
"471","OTT-01",2,0.0209677644664266,"4AMA_BrSh"
"472","OTT-01",3,0.0223120405982951,"4AMA_BrSh"
"473","PAK-01",4,0.0305971387618459,"3AMA_W"
"474","PAK-02",5,0.0194524169053497,"3AMA_W"
"475","PAR-01",2,0.0469145747400268,"1AMA_GuSh"
"476","PAR-01",3,0.0292624228917653,"1AMA_GuSh"
"477","PAR-01",4,0.013233743468271,"1AMA_GuSh"
"478","PAR-02",2,0.0164817327826439,"1AMA_GuSh"
"479","PAR-02",3,0.0207809857902613,"1AMA_GuSh"
"480","PAR-02",4,0.0113206850993478,"1AMA_GuSh"
"481","PAR-03",2,0.0178545556608177,"1AMA_GuSh"
"482","PAR-03",3,0.0218330190121162,"1AMA_GuSh"
"483","PAR-03",4,0.0137133497517496,"1AMA_GuSh"
"484","PAR-04",2,0.0121055189437458,"1AMA_GuSh"
"485","PAR-04",3,0.00812938643630934,"1AMA_GuSh"
"486","PAR-04",4,0.0144612309769914,"1AMA_GuSh"
"487","PEA-03",2,0.0107934243900448,"4AMA_BrSh"
"488","PEA-04",2,0.0316880223990706,"4AMA_BrSh"
"489","PEA-05",2,0.0191086550701907,"4AMA_BrSh"
"490","PEA-06",2,0.10772386928289,"4AMA_BrSh"
"491","PEA-07",2,0.058261739909432,"4AMA_BrSh"
"492","PEA-08",2,0.0459356529476164,"4AMA_BrSh"
"493","PIB-10cm",2,0.00559921025949517,"1AMA_GuSh"
"494","PIB-10cm",3,0.0134234275367505,"1AMA_GuSh"
"495","PIB-10cm",4,0.00905751529367727,"1AMA_GuSh"
"496","PIB-10cm",5,0.00560329211900301,"1AMA_GuSh"
"497","PIB-10cm",6,0.0140122659366729,"1AMA_GuSh"
"498","PIB-10cm",7,0.00472425759958672,"1AMA_GuSh"
"499","PNY-03",2,0.0146168827414728,"3AMA_W"
"500","PNY-03",3,0.0509254490387996,"3AMA_W"
"501","PNY-03",4,0.0308607658589617,"3AMA_W"
"502","PNY-04",2,0.0462461904037438,"3AMA_W"
"503","PNY-04",3,0.0421373630045461,"3AMA_W"
"504","PNY-04",4,0.0299892364471656,"3AMA_W"
"505","PNY-05",2,0.0132279641538358,"3AMA_W"
"506","PNY-05",3,0.0170323291040496,"3AMA_W"
"507","PNY-05",4,0.0197153555257057,"3AMA_W"
"508","PNY-06",2,0.00995450812820364,"3AMA_W"
"509","PNY-06",3,0.0318929504084777,"3AMA_W"
"510","PNY-06",4,0.0247233452642501,"3AMA_W"
"511","PNY-07",2,0.0260444347512917,"3AMA_W"
"512","PNY-07",3,0.0307709376819977,"3AMA_W"
"513","PNY-07",4,0.019067769385085,"3AMA_W"
"514","POR-01",2,0.0146295499310238,"3AMA_W"
"515","POR-01",3,0.0212251282980003,"3AMA_W"
"516","POR-01",4,0.0205250334861589,"3AMA_W"
"517","POR-01",5,0.0276601630309662,"3AMA_W"
"518","POR-01",6,0.0320912892970936,"3AMA_W"
"519","POR-01",7,0.0154703427348086,"3AMA_W"
"520","POR-02",3,0.0283125011510562,"3AMA_W"
"521","POR-02",4,0.0245288655390016,"3AMA_W"
"522","POR-02",5,0.0264294731667856,"3AMA_W"
"523","POR-02",6,0.0357411833277006,"3AMA_W"
"524","PPB-01",2,0.0228271885518552,"2AMA_EC"
"525","PPB-02",2,0.0156722808536021,"2AMA_EC"
"526","PPB-03",2,0.0264753341274927,"2AMA_EC"
"527","PTB-01",2,0.0174063500453134,"2AMA_EC"
"528","PTB-02",2,0.020848737654353,"2AMA_EC"
"529","PTN-01",2,0.0144310045579474,"3AMA_W"
"530","PTN-01",3,0.0251391386953852,"3AMA_W"
"531","RCS-01",2,0.0148942313791572,"3AMA_W"
"532","RCS-05",2,0.0264147181526491,"3AMA_W"
"533","RET-05",2,0.0181281566582739,"3AMA_W"
"534","RET-05",3,0.0138779237546021,"3AMA_W"
"535","RET-05",4,0.0262006078271186,"3AMA_W"
"536","RET-05",5,0.0209142541706144,"3AMA_W"
"537","RET-05",6,0.0251038685014137,"3AMA_W"
"538","RET-05",7,0.0152762245107447,"3AMA_W"
"539","RET-05",8,0.0129613228491877,"3AMA_W"
"540","RET-05",9,0.0121929843206464,"3AMA_W"
"541","RET-06",2,0.0269763442594115,"3AMA_W"
"542","RET-06",3,0.010437476012833,"3AMA_W"
"543","RET-06",4,0.0189855948883308,"3AMA_W"
"544","RET-06",5,0.00995073276516178,"3AMA_W"
"545","RET-06",6,0.0225643828656333,"3AMA_W"
"546","RET-06",7,0.0234867149107529,"3AMA_W"
"547","RET-06",8,0.0189867087089831,"3AMA_W"
"548","RET-06",9,0.0264669255475428,"3AMA_W"
"549","RET-08",2,0.0228111528789874,"3AMA_W"
"550","RET-08",3,0.0156705726281067,"3AMA_W"
"551","RET-08",4,0.0103209862781384,"3AMA_W"
"552","RET-08",5,0.0196984524976416,"3AMA_W"
"553","RET-08",6,0.0139793483095585,"3AMA_W"
"554","RET-08",7,0.0287783530007126,"3AMA_W"
"555","RET-08",8,0.0123530331099149,"3AMA_W"
"556","RET-08",9,0.0190068374914002,"3AMA_W"
"557","RET-09",2,0.0104276935848678,"3AMA_W"
"558","RET-09",3,0.00450726476473118,"3AMA_W"
"559","RET-09",4,0.0206876878637658,"3AMA_W"
"560","RET-09",5,0.0147864796080835,"3AMA_W"
"561","RET-09",6,0.0064275163988684,"3AMA_W"
"562","RET-09",7,0.0230219112860219,"3AMA_W"
"563","RET-09",8,0.00891024591759704,"3AMA_W"
"564","RET-09",9,0.0183583404438279,"3AMA_W"
"565","RFH-01",2,0.0265973180064971,"3AMA_W"
"566","RFH-01",3,0.0367244747106358,"3AMA_W"
"567","RFH-01",4,0.0346411387313635,"3AMA_W"
"568","RIO-03",14,0.0139285375762931,"1AMA_GuSh"
"569","RIO-03",15,0.0052774707519806,"1AMA_GuSh"
"570","RIO-03",16,0.0129160462986253,"1AMA_GuSh"
"571","RIO-03",17,0.00613874033986916,"1AMA_GuSh"
"572","RIO-03",18,0.00576001063719223,"1AMA_GuSh"
"573","RIO-03",19,0.0111794497339321,"1AMA_GuSh"
"574","RIO-03",20,0.0110346095686672,"1AMA_GuSh"
"575","RIO-03",21,0.00998224374600409,"1AMA_GuSh"
"576","RIO-03",22,0.0424035121066563,"1AMA_GuSh"
"577","RIO-03",23,0.013206089354542,"1AMA_GuSh"
"578","RIO-03",24,0.00734588409302295,"1AMA_GuSh"
"579","RIO-03",25,0.012566376459656,"1AMA_GuSh"
"580","RST-01",2,0.0136111948204248,"3AMA_W"
"581","RST-01",3,0.0203903099695496,"3AMA_W"
"582","RST-01",4,0.028100977325105,"3AMA_W"
"583","RST-01",5,0.0188061357843879,"3AMA_W"
"584","SAA-01",2,0.0243038981457319,"4AMA_BrSh"
"585","SAA-01",3,0.0242309074146947,"4AMA_BrSh"
"586","SAA-02",2,0.0284210625870623,"4AMA_BrSh"
"587","SAT-01",2,0.0138467379898225,"4AMA_BrSh"
"588","SCR-04",3,0.0136289703874638,"1AMA_GuSh"
"589","SCR-04",4,0.0110520091643846,"1AMA_GuSh"
"590","SCR-05",3,0.00737664657563597,"1AMA_GuSh"
"591","SCR-05",4,0.0236526257309113,"1AMA_GuSh"
"592","SCT-01",2,0.0296156534637471,"3AMA_W"
"593","SCT-01",3,0.0268905447471195,"3AMA_W"
"594","SCT-01",4,0.02519164320163,"3AMA_W"
"595","SCT-01",5,0.0276971485138142,"3AMA_W"
"596","SCT-01",6,0.0233207967871586,"3AMA_W"
"597","SCT-06",2,0.045320667081586,"3AMA_W"
"598","SCT-06",3,0.0604306187000431,"3AMA_W"
"599","SCT-06",4,0.0243717634008294,"3AMA_W"
"600","SCT-06",5,0.0221100330446719,"3AMA_W"
"601","SCT-06",6,0.0255151092926483,"3AMA_W"
"602","SMT-02",2,0.0177186751309651,"4AMA_BrSh"
"603","SMT-02",3,0.034487455769065,"4AMA_BrSh"
"604","SMT-02",4,0.0291689607311219,"4AMA_BrSh"
"605","SMT-03",2,0.0040268033094647,"4AMA_BrSh"
"606","SMT-03",3,0.00721375648702161,"4AMA_BrSh"
"607","SMT-03",4,0.0231485718587862,"4AMA_BrSh"
"608","SUC-01",2,0.0201106340505448,"3AMA_W"
"609","SUC-01",3,0.0165468643606682,"3AMA_W"
"610","SUC-01",4,0.0235880815065407,"3AMA_W"
"611","SUC-01",5,0.0118043844856661,"3AMA_W"
"612","SUC-01",6,0.0212854255361157,"3AMA_W"
"613","SUC-01",7,0.0160434984717776,"3AMA_W"
"614","SUC-01",8,0.021515037701696,"3AMA_W"
"615","SUC-02",2,0.0209543680402952,"3AMA_W"
"616","SUC-02",3,0.0271867994682282,"3AMA_W"
"617","SUC-02",4,0.0220991634650342,"3AMA_W"
"618","SUC-02",5,0.0170575377012012,"3AMA_W"
"619","SUC-02",6,0.0141623376163562,"3AMA_W"
"620","SUC-02",7,0.024302747413019,"3AMA_W"
"621","SUC-02",8,0.0209461712358816,"3AMA_W"
"622","SUC-03",2,0.022627289270756,"3AMA_W"
"623","SUC-03",3,0.0311198608649779,"3AMA_W"
"624","SUC-03",4,0.0166315526205157,"3AMA_W"
"625","SUC-03",5,0.032760721889843,"3AMA_W"
"626","SUC-04",2,0.0211135389413716,"3AMA_W"
"627","SUC-04",3,0.00851650822443339,"3AMA_W"
"628","SUC-04",4,0.0111213854600889,"3AMA_W"
"629","SUC-04",5,0.0166347680618506,"3AMA_W"
"630","SUC-04",6,0.0185499627086296,"3AMA_W"
"631","SUC-05",2,0.0191097813930893,"3AMA_W"
"632","SUC-05",3,0.0127633400224625,"3AMA_W"
"633","SUC-05",4,0.0160599388156256,"3AMA_W"
"634","SUC-05",5,0.0196661846596354,"3AMA_W"
"635","SUC-05",6,0.0185667156481643,"3AMA_W"
"636","TAM-01",10,0.0201500193337925,"3AMA_W"
"637","TAM-01",11,0.0157194747971582,"3AMA_W"
"638","TAM-01",2,0.0239804331289346,"3AMA_W"
"639","TAM-01",3,0.0229512262411704,"3AMA_W"
"640","TAM-01",4,0.0171409133764042,"3AMA_W"
"641","TAM-01",5,0.029438595085197,"3AMA_W"
"642","TAM-01",6,0.0138216653973968,"3AMA_W"
"643","TAM-01",7,0.0182602912349248,"3AMA_W"
"644","TAM-01",8,0.0175459856913903,"3AMA_W"
"645","TAM-01",9,0.0137388661819006,"3AMA_W"
"646","TAM-02",10,0.0136282944344616,"3AMA_W"
"647","TAM-02",11,0.0205979295567944,"3AMA_W"
"648","TAM-02",12,0.0293859764342231,"3AMA_W"
"649","TAM-02",13,0.0101143566522455,"3AMA_W"
"650","TAM-02",3,0.0133951697207564,"3AMA_W"
"651","TAM-02",4,0.00932513603127383,"3AMA_W"
"652","TAM-02",5,0.0195842100857593,"3AMA_W"
"653","TAM-02",6,0.0187335873999025,"3AMA_W"
"654","TAM-02",7,0.0134938164107494,"3AMA_W"
"655","TAM-02",8,0.0141889045057535,"3AMA_W"
"656","TAM-02",9,0.0227760703852403,"3AMA_W"
"657","TAM-05",10,0.0175177095057685,"3AMA_W"
"658","TAM-05",11,0.0203221478168281,"3AMA_W"
"659","TAM-05",12,0.0235237259084944,"3AMA_W"
"660","TAM-05",2,0.0159720944569934,"3AMA_W"
"661","TAM-05",3,0.0248268902417218,"3AMA_W"
"662","TAM-05",4,0.0262453142083772,"3AMA_W"
"663","TAM-05",5,0.0235001279476786,"3AMA_W"
"664","TAM-05",6,0.0150629737964452,"3AMA_W"
"665","TAM-05",7,0.0359548380951265,"3AMA_W"
"666","TAM-05",8,0.0211175766750638,"3AMA_W"
"667","TAM-05",9,0.0130841121495328,"3AMA_W"
"668","TAM-06",10,0.0158094646386181,"3AMA_W"
"669","TAM-06",11,0.013742553224475,"3AMA_W"
"670","TAM-06",2,0.0164652072950966,"3AMA_W"
"671","TAM-06",3,0.0114141448206325,"3AMA_W"
"672","TAM-06",4,0.0184590806689148,"3AMA_W"
"673","TAM-06",5,0.0135837578341598,"3AMA_W"
"674","TAM-06",6,0.0155972609366133,"3AMA_W"
"675","TAM-06",7,0.00733969329491768,"3AMA_W"
"676","TAM-06",8,0.0113821138211382,"3AMA_W"
"677","TAM-06",9,0.0169103164045529,"3AMA_W"
"678","TAM-07",10,0.0176350164018644,"3AMA_W"
"679","TAM-07",3,0.0209025305508865,"3AMA_W"
"680","TAM-07",4,0.0279004272474731,"3AMA_W"
"681","TAM-07",5,0.0280364056528268,"3AMA_W"
"682","TAM-07",6,0.024472197084731,"3AMA_W"
"683","TAM-07",7,0.0250693613600017,"3AMA_W"
"684","TAM-07",8,0.0313493941933672,"3AMA_W"
"685","TAM-07",9,0.0298047139553168,"3AMA_W"
"686","TAM-08",2,0.0173623027457286,"3AMA_W"
"687","TAM-08",3,0.0209636776465898,"3AMA_W"
"688","TAM-08",4,0.0264271448760073,"3AMA_W"
"689","TAM-08",5,0.0284257460522366,"3AMA_W"
"690","TAM-08",6,0.0250286422185563,"3AMA_W"
"691","TAM-09",2,0.0112384712311793,"3AMA_W"
"692","TAM-09",3,0,"3AMA_W"
"693","TAM-09",4,0.0409334817642668,"3AMA_W"
"694","TAM-09",5,0.0370831495073706,"3AMA_W"
"695","TAN-02",2,0.0440077447267571,"4AMA_BrSh"
"696","TAN-02",3,0.0241861771948014,"4AMA_BrSh"
"697","TAN-02",4,0.0362760080134835,"4AMA_BrSh"
"698","TAN-03",2,0.0203614208796588,"4AMA_BrSh"
"699","TAN-03",3,0.0348427027817805,"4AMA_BrSh"
"700","TAN-03",4,0.0614094636271848,"4AMA_BrSh"
"701","TAN-04",2,0.0356380869191611,"4AMA_BrSh"
"702","TAN-04",3,0.0433437684807494,"4AMA_BrSh"
"703","TAN-04",4,0.0308855963177084,"4AMA_BrSh"
"704","TAP-01",2,0.00675439901659214,"2AMA_EC"
"705","TAP-01",3,0.00668171098435544,"2AMA_EC"
"706","TAP-02",2,0.00816775908857104,"2AMA_EC"
"707","TAP-02",3,0.004953302316689,"2AMA_EC"
"708","TAP-03",2,0.00938230485326119,"2AMA_EC"
"709","TAP-03",3,0.00694198046894767,"2AMA_EC"
"710","TEC-01",10,0.0133649992423587,"2AMA_EC"
"711","TEC-01",11,0.00716413751904155,"2AMA_EC"
"712","TEC-01",2,0.022824639118698,"2AMA_EC"
"713","TEC-01",3,0.0244593195170045,"2AMA_EC"
"714","TEC-01",4,0.0135731808795555,"2AMA_EC"
"715","TEC-01",5,0.00953171960358234,"2AMA_EC"
"716","TEC-01",6,0.0178808062532227,"2AMA_EC"
"717","TEC-01",7,0.00225980003704762,"2AMA_EC"
"718","TEC-01",8,0.0109186866686278,"2AMA_EC"
"719","TEC-01",9,0.0019603654033864,"2AMA_EC"
"720","TEC-02",10,0.00532329981843394,"2AMA_EC"
"721","TEC-02",11,0.00668745855918729,"2AMA_EC"
"722","TEC-02",2,0.00201210887390768,"2AMA_EC"
"723","TEC-02",3,0.00378113344178166,"2AMA_EC"
"724","TEC-02",4,0.00349311786527373,"2AMA_EC"
"725","TEC-02",5,0.00735754375627973,"2AMA_EC"
"726","TEC-02",6,0.00560870999694241,"2AMA_EC"
"727","TEC-02",7,0.00636592293475857,"2AMA_EC"
"728","TEC-02",8,0.00205738662017374,"2AMA_EC"
"729","TEC-02",9,0.00372395137783033,"2AMA_EC"
"730","TEC-03",10,0.014829306849099,"2AMA_EC"
"731","TEC-03",11,0.00270716179833386,"2AMA_EC"
"732","TEC-03",2,0.00678733752622773,"2AMA_EC"
"733","TEC-03",3,0.00867231668304969,"2AMA_EC"
"734","TEC-03",4,0.00834442483564291,"2AMA_EC"
"735","TEC-03",5,0.00814200710062685,"2AMA_EC"
"736","TEC-03",6,0.0111822083900118,"2AMA_EC"
"737","TEC-03",7,0.0146907245441489,"2AMA_EC"
"738","TEC-03",8,0.00483501626135685,"2AMA_EC"
"739","TEC-03",9,0.00437866792617381,"2AMA_EC"
"740","TEC-04",10,0.0183638845870558,"2AMA_EC"
"741","TEC-04",11,0.0128610144457115,"2AMA_EC"
"742","TEC-04",2,0.0109071527138395,"2AMA_EC"
"743","TEC-04",3,0.00647863422546946,"2AMA_EC"
"744","TEC-04",4,0.0199305189562845,"2AMA_EC"
"745","TEC-04",5,0.0117430873413522,"2AMA_EC"
"746","TEC-04",6,0.00415013568254474,"2AMA_EC"
"747","TEC-04",7,0.0202082658944405,"2AMA_EC"
"748","TEC-04",8,0.0157564201367247,"2AMA_EC"
"749","TEC-04",9,0.0226314105447893,"2AMA_EC"
"750","TEC-05",10,0.0217629301415652,"2AMA_EC"
"751","TEC-05",11,0.00680395672475265,"2AMA_EC"
"752","TEC-05",2,0.00190086069154138,"2AMA_EC"
"753","TEC-05",3,0.0157170988927804,"2AMA_EC"
"754","TEC-05",4,0.00866658617789384,"2AMA_EC"
"755","TEC-05",5,0.00366300443482392,"2AMA_EC"
"756","TEC-05",6,0.00953816631279669,"2AMA_EC"
"757","TEC-05",7,0.0101457149904225,"2AMA_EC"
"758","TEC-05",8,0.00608801269324288,"2AMA_EC"
"759","TEC-05",9,0.00553314281034745,"2AMA_EC"
"760","TEC-06",10,0.0165999801441028,"2AMA_EC"
"761","TEC-06",11,0.0153436261649629,"2AMA_EC"
"762","TEC-06",2,0.0113642700685271,"2AMA_EC"
"763","TEC-06",3,0.0175303202488296,"2AMA_EC"
"764","TEC-06",4,0.0119727926925329,"2AMA_EC"
"765","TEC-06",5,0.0083401496313884,"2AMA_EC"
"766","TEC-06",6,0.00428338933620254,"2AMA_EC"
"767","TEC-06",7,0.045256257343247,"2AMA_EC"
"768","TEC-06",8,0.00953287839570349,"2AMA_EC"
"769","TEC-06",9,0.0101152814404796,"2AMA_EC"
"770","TEM-01",10,0.00342124215707651,"2AMA_EC"
"771","TEM-01",2,0.0324269129561302,"2AMA_EC"
"772","TEM-01",3,0.0241008050071144,"2AMA_EC"
"773","TEM-01",4,0.0104102518997223,"2AMA_EC"
"774","TEM-01",5,0.0209571863706007,"2AMA_EC"
"775","TEM-01",6,0.0104999551813323,"2AMA_EC"
"776","TEM-01",7,0,"2AMA_EC"
"777","TEM-01",8,0.00170054289422894,"2AMA_EC"
"778","TEM-01",9,0.0315134189257191,"2AMA_EC"
"779","TEM-03",10,0.0179322171834211,"2AMA_EC"
"780","TEM-03",2,0.00594978716394023,"2AMA_EC"
"781","TEM-03",3,0.0122079803411921,"2AMA_EC"
"782","TEM-03",4,0.0115956272131558,"2AMA_EC"
"783","TEM-03",5,0.00621584240508744,"2AMA_EC"
"784","TEM-03",6,0.00886840839490066,"2AMA_EC"
"785","TEM-03",7,0,"2AMA_EC"
"786","TEM-03",8,0.00153997188047461,"2AMA_EC"
"787","TEM-03",9,0.0182572689743027,"2AMA_EC"
"788","TEM-04",10,0.037803911749996,"2AMA_EC"
"789","TEM-04",2,0.0121535247234513,"2AMA_EC"
"790","TEM-04",3,0.0152143704761292,"2AMA_EC"
"791","TEM-04",4,0,"2AMA_EC"
"792","TEM-04",5,0.0178474726013168,"2AMA_EC"
"793","TEM-04",6,0.0174258512179061,"2AMA_EC"
"794","TEM-04",7,0.00355131283118859,"2AMA_EC"
"795","TEM-04",8,0,"2AMA_EC"
"796","TEM-04",9,0.00165145130751521,"2AMA_EC"
"797","TEM-05",10,0.0145079421188039,"2AMA_EC"
"798","TEM-05",2,0.011056138673685,"2AMA_EC"
"799","TEM-05",3,0.0374942577035459,"2AMA_EC"
"800","TEM-05",4,0.0391104738863188,"2AMA_EC"
"801","TEM-05",5,0.028948652228873,"2AMA_EC"
"802","TEM-05",6,0.0236908677064636,"2AMA_EC"
"803","TEM-05",7,0.016609565296816,"2AMA_EC"
"804","TEM-05",8,0.00662158370194765,"2AMA_EC"
"805","TEM-05",9,0.0181488718562219,"2AMA_EC"
"806","TEM-06",2,0.0119166112164621,"2AMA_EC"
"807","TEM-06",3,0.012895344429796,"2AMA_EC"
"808","TEM-06",4,0.0118161400645603,"2AMA_EC"
"809","TEM-06",5,0.011177282442839,"2AMA_EC"
"810","TEM-06",6,0.0145019987224136,"2AMA_EC"
"811","TEM-06",7,0.0157421294166131,"2AMA_EC"
"812","TEM-06",8,0.0131421073425209,"2AMA_EC"
"813","TEM-06",9,0.0220248658479223,"2AMA_EC"
"814","TIP-02",2,0.0178794623651707,"3AMA_W"
"815","TIP-02",3,0.016076903789464,"3AMA_W"
"816","TIP-02",4,0.014899252686415,"3AMA_W"
"817","TIP-02",5,0.0149281499218459,"3AMA_W"
"818","TIP-03",2,0.0230642480816716,"3AMA_W"
"819","TIP-03",3,0.0269383795872775,"3AMA_W"
"820","TIP-03",4,0.0167355343934872,"3AMA_W"
"821","TIP-03",5,0.0190113099202825,"3AMA_W"
"822","TUC-01",2,0.00543708849324365,"3AMA_W"
"823","TUC-01",3,0.00731011332598286,"3AMA_W"
"824","TUC-01",4,0.0100897126593305,"3AMA_W"
"825","VCR-01",2,0.0120379040260619,"4AMA_BrSh"
"826","VCR-01",3,0.0139091029199372,"4AMA_BrSh"
"827","VCR-01",4,0.0247632603621156,"4AMA_BrSh"
"828","VCR-01",5,0.032402750950544,"4AMA_BrSh"
"829","VCR-01",6,0.0484391236263521,"4AMA_BrSh"
"830","VCR-01",7,0.0224414989836854,"4AMA_BrSh"
"831","VCR-01",8,0.00349119504183015,"4AMA_BrSh"
"832","VCR-04",2,0.0773170810377121,"4AMA_BrSh"
"833","YAN-01",10,0.0653281515991303,"3AMA_W"
"834","YAN-01",2,0.0233328967835429,"3AMA_W"
"835","YAN-01",3,0.0363416298054328,"3AMA_W"
"836","YAN-01",4,0.0222242487062824,"3AMA_W"
"837","YAN-01",5,0.0335156463869464,"3AMA_W"
"838","YAN-01",6,0.0295916943928236,"3AMA_W"
"839","YAN-01",7,0.0200021907480316,"3AMA_W"
"840","YAN-01",8,0.0219980186631971,"3AMA_W"
"841","YAN-01",9,0.0188655329698948,"3AMA_W"
"842","YAN-02",2,0.0142063476281554,"3AMA_W"
"843","YAN-02",3,0.0117767732615872,"3AMA_W"
"844","YAN-02",4,0.0138259457862693,"3AMA_W"
"845","YAN-02",5,0.0230665842538779,"3AMA_W"
"846","ZAR-01",2,0.0127540851829745,"3AMA_W"
"847","ZAR-01",3,0.0140745370249398,"3AMA_W"
"848","ZAR-02",2,0.0137150611806227,"3AMA_W"
"849","ZAR-02",3,0.00411781673688116,"3AMA_W"
"850","ZAR-02",4,0.0281967421328596,"3AMA_W"
"851","ZAR-03",2,0.0151122093621581,"3AMA_W"
"852","ZAR-03",3,0.0190844598009172,"3AMA_W"
"853","ZAR-03",4,0.011887143139133,"3AMA_W"
"854","ZAR-04",2,0.0210907749252343,"3AMA_W"
"855","ZAR-04",3,0.0224557086742351,"3AMA_W"
